Ticker,Empresa,Sector,Precio,Valor Justo,Precio Max Compra,Upside Potencial,Decisión,WACC,Deuda Total,Total Cash,Deuda Neta,Market Cap,Enterprise Value,FCF,Crecimiento (g),Ke,Kd,Beta,Ultima Actualizacion
HSTM,"HealthStream, Inc.",Healthcare,20.2,38.564645128162326,30.851716102529863,0.9091408479288281,COMPRA FUERTE,0.06757063222523738,15292000,92591000,-77299000,599296384,521997384,38914500,0.03,0.06395,0.05,0.439,20/02/2026
WSR,Whitestone REIT,Real Estate,14.96,30.763549686562897,24.610839749250317,1.0563870111338833,COMPRA FUERTE,0.06232870401140728,644115968,6909000,637206968,772880320,1410087288,69264000,0.03,0.08115,0.05,0.783,20/02/2026
AGCO,AGCO Corporation,Industrials,138.52,172.0566733831308,137.64533870650465,0.24210708477570594,MANTENER/VENTA,0.09160377818133869,2616800000,861800000,1755000000,10336857088,12091857088,850012480,0.03,0.10045000000000001,0.05,1.169,20/02/2026
ICUI,"ICU Medical, Inc.",Healthcare,149.74,167.2721722580038,133.81773780640304,0.117084094149885,MANTENER/VENTA,0.07229918894003583,1380118016,303708992,1076409024,3696580608,4772989632,213787504,0.03,0.08185,0.05,0.797,20/02/2026
PTCT,"PTC Therapeutics, Inc.",Healthcare,69.9,82.45696433371297,65.96557146697039,0.17964183596155892,MANTENER/VENTA,0.06305618155535954,2492047104,1707309952,784737152,5612152320,6396889472,237653632,0.03,0.06635,0.05,0.487,20/02/2026
FTRE,Fortrea Holdings Inc.,Healthcare,11.01,19.06327471508333,15.250619772066665,0.7314509278004843,COMPRA FUERTE,0.0791705669945135,1188600064,131300000,1057300064,1017324032,2074624096,134562496,0.03,0.12040000000000001,0.05,1.568,20/02/2026
CVS,CVS Health Corporation,Healthcare,77.32,132.58634887202248,106.06907909761799,0.7147742999485579,COMPRA FUERTE,0.05565806780394642,79949996032,10597999616,69351996416,98367356928,167719353344,5929500160,0.03,0.06705,0.05,0.501,20/02/2026
PCRX,"Pacira BioSciences, Inc.",Healthcare,23.18,87.7662950372001,70.21303602976008,2.7862940050560874,COMPRA FUERTE,0.05132734060288235,425308000,246334000,178974000,997233216,1176207216,78397000,0.03,0.053450000000000004,0.05,0.229,20/02/2026
WFRD,Weatherford International plc,Energy,105.54,108.81143242217202,87.04914593773762,0.03099708567530805,MANTENER/VENTA,0.0766828871112087,1642000000,987000000,655000000,7570387456,8225387456,383375008,0.03,0.0799,0.05,0.758,20/02/2026
CWK,Cushman & Wakefield Limited,Real Estate,13.13,27.689495693028217,22.151596554422575,1.1088724823326896,COMPRA FUERTE,0.08130266584329988,3111200000,634400000,2476800000,3040967680,5517767680,442787488,0.03,0.11535000000000001,0.05,1.467,20/02/2026
PTEN,"Patterson-UTI Energy, Inc.",Energy,8.5,25.227432798488433,20.181946238790747,1.9679332704104038,COMPRA FUERTE,0.07043531344711997,1280470016,418507008,861963008,3226389248,4088352256,409757760,0.03,0.0787,0.05,0.734,20/02/2026
SPNT,SiriusPoint Ltd.,Financial Services,22.01,85.14727190171895,68.11781752137516,2.8685720991239863,COMPRA FUERTE,0.07519723958097725,709500032,705699968,3800064,2571090176,2574890240,436624992,0.03,0.07525000000000001,0.05,0.665,20/02/2026
VTRS,Viatris Inc.,Healthcare,15.98,60.243895577158355,48.195116461726684,2.769955918470485,COMPRA FUERTE,0.06384318591246714,14765599744,1157100032,13608499712,18448386048,32056885760,2727024896,0.03,0.08180000000000001,0.05,0.796,20/02/2026
SCSC,"ScanSource, Inc.",Technology,37.25,63.86202259219739,51.08961807375792,0.7144167138844937,COMPRA FUERTE,0.10274658686548786,113880000,83466000,30414000,817358272,847772272,99033872,0.03,0.1051,0.05,1.262,20/02/2026
MRSH,"Marsh & McLennan Companies, Inc.",Financial Services,178.87,201.39060885734787,161.1124870858783,0.12590489661400942,MANTENER/VENTA,0.07191072135746304,21449000960,2687000064,18762000896,87630143488,106392144384,4730625024,0.03,0.07885,0.05,0.737,20/02/2026
MPT,"Medical Properties Trust, Inc.",Real Estate,6.02,12.877373199399319,10.301898559519456,1.1390985381061993,COMPRA FUERTE,0.06084723898054941,9616176128,396576992,9219599136,3621030144,12840629280,508091136,0.03,0.1152,0.05,1.464,20/02/2026
CTRA,Coterra Energy Inc.,Energy,31.71,42.38528149681075,33.9082251974486,0.33665346883666813,COMPRA FUERTE,0.057074473426840217,4116999936,98000000,4018999936,24143280128,28162280064,950875008,0.03,0.06,0.05,0.36,20/02/2026
CL,Colgate-Palmolive Company,Consumer Defensive,93.98,155.52800633186067,124.42240506548853,0.6549053663743419,COMPRA FUERTE,0.05518826529744393,7987999744,1395000064,6592999680,75956592640,82549592320,3227000064,0.03,0.05655,0.05,0.291,20/02/2026
VNO,Vornado Realty Trust,Real Estate,29.38,112.40627961392495,89.92502369113997,2.8259455280437358,COMPRA FUERTE,0.07583609171488682,7937825792,854876992,7082948800,6133048320,13215997120,1268949760,0.03,0.11780000000000002,0.05,1.516,20/02/2026
MORN,"Morningstar, Inc.",Financial Services,161.85,166.19830356720368,132.95864285376294,0.026866256207622407,MANTENER/VENTA,0.09075133166097543,1261100032,528700000,732400032,6826466816,7558866848,446375008,0.03,0.09625,0.05,1.085,20/02/2026
NATL,NCR Atleos Corporation,Technology,42.23,140.2893479812233,112.23147838497864,2.3220304992001735,COMPRA FUERTE,0.06734554095395193,3024000000,412000000,2612000000,3120971520,5732971520,470624992,0.03,0.09065000000000001,0.05,0.973,20/02/2026
NEM,Newmont Corporation,Basic Materials,125.4,260.2298627277311,208.18389018218488,1.0751982673662763,COMPRA FUERTE,0.06390598944076531,5650999808,5967000064,-316000256,137745596416,137429596160,9337749504,0.03,0.06385,0.05,0.437,20/02/2026
CF,"CF Industries Holdings, Inc.",Basic Materials,99.46,198.21127452460763,158.56901961968612,0.9928742662840101,COMPRA FUERTE,0.07319164288818737,3396000000,1838000000,1558000000,16109830144,17667830144,1361750016,0.03,0.07645,0.05,0.689,20/02/2026
YOU,"Clear Secure, Inc.",Technology,33.5,34.12458986371341,27.29967189097073,0.01864447354368389,MANTENER/VENTA,0.10769562769158442,113671000,530641984,-416970984,4516721664,4099750680,219348256,0.03,0.1014,0.05,1.188,20/02/2026
AZTA,"Azenta, Inc.",Healthcare,29.67,31.224585010295062,24.97966800823605,0.05239585474536772,MANTENER/VENTA,0.13320381607777015,54462000,409656000,-355194000,1366645504,1011451504,108520128,0.03,0.10885,0.05,1.337,20/02/2026
TR,"Tootsie Roll Industries, Inc.",Consumer Defensive,41.28,49.06854717354789,39.25483773883832,0.18867604587083067,MANTENER/VENTA,0.07084951074519742,14160000,119830000,-105670000,3012888064,2907218064,77194376,0.03,0.06975,0.05,0.555,20/02/2026
NOC,Northrop Grumman Corporation,Industrials,736.87,1470.4176709737826,1176.334136779026,0.995491295579658,COMPRA FUERTE,0.04344437926488981,17884000256,4402999808,13481000448,105166135296,118647135744,2899875072,0.03,0.04395,0.05,0.039,20/02/2026
BMY,Bristol-Myers Squibb Company,Healthcare,60.3,229.38238870859064,183.50591096687253,2.804019713243626,COMPRA FUERTE,0.05279636743822096,47187001344,10673000448,36514000896,122799366144,159313367040,11146874880,0.03,0.05675,0.05,0.295,20/02/2026
AHCO,AdaptHealth Corp.,Healthcare,10.05,16.87603664026958,13.500829312215664,0.6792076258974704,COMPRA FUERTE,0.07805842186226182,1903938944,81122000,1822816944,1361014656,3183831600,191685120,0.03,0.1297,0.05,1.754,20/02/2026
ADC,Agree Realty Corporation,Real Estate,77.13,91.9682054978861,73.57456439830888,0.19237917150118122,MANTENER/VENTA,0.06115617374655388,3320820992,22267000,3298553992,9284594688,12583148680,433686112,0.03,0.06885000000000001,0.05,0.537,20/02/2026
AIG,"American International Group, Inc.",Financial Services,79.54,156.97153081202592,125.57722464962075,0.9734917124971826,COMPRA FUERTE,0.07374562048115005,10046999552,12359999488,-2312999936,42917879808,40604879872,11258125312,-0.056,0.0719,0.05,0.598,20/02/2026
TRIP,"Tripadvisor, Inc.",Consumer Cyclical,10.57,28.950953402209162,23.16076272176733,1.7389738318078676,COMPRA FUERTE,0.08137958372435425,1251000064,1035000000,216000064,1235721088,1451721152,176500000,0.03,0.0887,0.05,0.934,20/02/2026
OHI,"Omega Healthcare Investors, Inc.",Real Estate,46.53,66.64477333388616,53.315818667108935,0.4322968694151335,COMPRA FUERTE,0.06265237409342438,4299183104,27024000,4272159104,14134883328,18407042432,759892224,0.03,0.06965,0.05,0.553,20/02/2026
COR,"Cencora, Inc.",Healthcare,359.11,390.4854630356423,312.38837042851384,0.08737006219721609,MANTENER/VENTA,0.07240960411613348,9905211392,1753122048,8152089344,69857910784,78010000128,3463320320,0.03,0.07625000000000001,0.05,0.685,20/02/2026
GLPI,"Gaming and Leisure Properties, Inc.",Real Estate,47.35,57.34189383315229,45.87351506652183,0.2110220450507347,MANTENER/VENTA,0.0637355240139052,7505413120,751715008,6753698112,13400444928,20154143040,752725760,0.03,0.07595,0.05,0.679,20/02/2026
KNX,Knight-Swift Transportation Holdings Inc.,Industrials,59.2,75.38218395778605,60.30574716622885,0.2733477019896292,COMPRA FUERTE,0.0872116548171702,2685566976,220420000,2465146976,9610469376,12075616352,816661120,0.03,0.09945000000000001,0.05,1.149,20/02/2026
GTM,ZoomInfo Technologies Inc.,Technology,6.43,24.89255105960778,19.914040847686223,2.8713143172018323,COMPRA FUERTE,0.07192504182056596,1569200000,181300000,1387900000,1963044608,3350944608,365824992,0.03,0.09485,0.05,1.057,20/02/2026
ACIW,"ACI Worldwide, Inc.",Technology,40.75,40.827822462321606,32.662257969857286,0.0019097536766038324,MANTENER/VENTA,0.08674974299751742,924614976,199268000,725346976,4205076992,4930423968,271859136,0.03,0.09490000000000001,0.05,1.058,20/02/2026
PATH,"UiPath, Inc.",Technology,11.21,14.418826951776582,11.535061561421266,0.28624682888283504,COMPRA FUERTE,0.11138275636128657,82009000,1398185984,-1316176984,5994544128,4678367144,420573504,0.03,0.09560000000000002,0.05,1.072,20/02/2026
HCSG,"Healthcare Services Group, Inc.",Healthcare,20.22,21.936786440227568,17.549429152182054,0.08490536301817848,MANTENER/VENTA,0.0854312005123771,15016000,167963008,-152947008,1424610432,1271663424,74724376,0.03,0.08050000000000002,0.05,0.77,20/02/2026
PGNY,"Progyny, Inc.",Healthcare,20.76,38.119250968043,30.4954007744344,0.8361874262063099,COMPRA FUERTE,0.10166208614093061,28150000,345207008,-317057008,1789753984,1472696976,206586256,0.03,0.09065000000000001,0.05,0.973,20/02/2026
FDS,FactSet Research Systems Inc.,Financial Services,198.88,320.9095991018409,256.7276792814727,0.6135840662803747,COMPRA FUERTE,0.07265401659835788,1560034048,292680992,1267353056,7442077184,8709430240,545510144,0.03,0.07830000000000001,0.05,0.726,20/02/2026
KFY,Korn Ferry,Industrials,62.87,66.8641433694263,53.49131469554104,0.0635301951555003,MANTENER/VENTA,0.11256588882511069,553566976,786446016,-232879040,3293821184,3060942144,261091872,0.03,0.1074,0.05,1.308,20/02/2026
TNL,Travel + Leisure Co.,Consumer Cyclical,75.42,300.6940353402075,240.555228272166,2.9869270132618335,COMPRA FUERTE,0.06461745287809117,5598000128,253000000,5345000128,4902859776,10247859904,829750016,0.03,0.092,0.05,1.0,20/02/2026
NXRT,"NexPoint Residential Trust, Inc.",Real Estate,30.03,85.67363334413372,68.53890667530698,1.852934843294496,COMPRA FUERTE,0.07165157376545879,1468583936,30295000,1438288936,1544096256,2982385192,146037504,0.03,0.1016,0.05,1.192,20/02/2026
NSIT,"Insight Enterprises, Inc.",Technology,83.92,143.74713946651136,114.99771157320909,0.7129068096581429,COMPRA FUERTE,0.07170241026628883,1666418944,358020000,1308398944,2601226496,3909625440,233373872,0.03,0.0879,0.05,0.918,20/02/2026
PYPL,"PayPal Holdings, Inc.",Financial Services,41.73,43.991256859705956,35.193005487764765,0.05418779917819217,MANTENER/VENTA,0.10958613202564321,12295999488,10421999616,1873999872,39044755456,40918755328,3274249984,0.03,0.11295,0.05,1.419,20/02/2026
INN,"Summit Hotel Properties, Inc.",Real Estate,4.39,7.941610658820578,6.353288527056463,0.809022929116305,COMPRA FUERTE,0.05585742691740761,1446804992,45323000,1401481992,477670560,1879152552,56875124,0.03,0.10385000000000001,0.05,1.237,20/02/2026
TDW,Tidewater Inc.,Energy,73.85,195.4107098935401,156.3285679148321,1.6460488814291145,COMPRA FUERTE,0.07055205344779412,675518976,428224992,247293984,3660239104,3907533088,391050368,0.03,0.07265,0.05,0.613,20/02/2026
ASH,Ashland Inc.,Basic Materials,63.22,90.73713673137367,72.58970938509894,0.4352599925873722,COMPRA FUERTE,0.056100507794315066,1488999936,304000000,1184999936,2893098496,4078098432,135250000,0.03,0.06290000000000001,0.05,0.418,20/02/2026
JBSS,"John B. Sanfilippo & Son, Inc.",Consumer Defensive,83.55,105.08078296779325,84.0646263742346,0.257699377232714,COMPRA FUERTE,0.058897762439283484,72985000,2400000,70585000,976433024,1047018024,28777250,0.03,0.060300000000000006,0.05,0.366,20/02/2026
GDDY,GoDaddy Inc.,Technology,88.67,166.92576535253897,133.5406122820312,0.8825506411699444,COMPRA FUERTE,0.07928845050545237,3871399936,983000000,2888399936,12276275200,15164675136,1217712512,0.03,0.08865,0.05,0.933,20/02/2026
CNX,CNX Resources Corporation,Energy,40.67,98.03774133187572,78.43019306550059,1.410566543690084,COMPRA FUERTE,0.06419585450086386,2604852992,779000,2604073992,5791515648,8395589640,549840384,0.03,0.0753,0.05,0.666,20/02/2026
OLN,Olin Corporation,Basic Materials,24.28,28.811556007031058,23.04924480562485,0.1866373973241786,MANTENER/VENTA,0.07925776849138325,3139500032,167600000,2971900032,2770870784,5742770816,298649984,0.03,0.12190000000000001,0.05,1.598,20/02/2026
PBI,Pitney Bowes Inc.,Industrials,10.63,14.620249133976193,11.696199307180954,0.3753762120391526,COMPRA FUERTE,0.0762562032573681,2121191040,297119008,1824072032,1829667456,3653739488,187572752,0.03,0.1129,0.05,1.418,20/02/2026
ADT,ADT Inc.,Industrials,7.89,26.295373364807027,21.036298691845623,2.3327469410401807,COMPRA FUERTE,0.06353407906782296,7915415040,117232000,7798183040,6470436352,14268619392,908826368,0.03,0.0925,0.05,1.01,20/02/2026
EPC,Edgewell Personal Care Company,Consumer Defensive,22.17,52.133042073758176,41.70643365900654,1.3515129487486772,COMPRA FUERTE,0.054341428108760505,1553299968,223300000,1329999968,1035707136,2365707104,88987504,0.03,0.0734,0.05,0.628,20/02/2026
MATW,Matthews International Corporation,Industrials,26.37,50.04984722727828,40.039877781822625,0.8979843468819976,COMPRA FUERTE,0.07577239617613725,588646016,31357000,557289016,820794752,1378083768,93995376,0.03,0.1004,0.05,1.168,20/02/2026
CVLT,"Commvault Systems, Inc.",Technology,92.34,139.5398815604879,111.63190524839034,0.5111531466372959,COMPRA FUERTE,0.07220463758012222,919945024,1026345984,-106400960,4071673088,3965272128,247072496,0.03,0.07135,0.05,0.587,20/02/2026
INVA,"Innoviva, Inc.",Healthcare,23.64,51.37203015402575,41.097624123220605,1.1730977222515122,COMPRA FUERTE,0.06769815709401521,323230016,533102016,-209872000,1767540608,1557668608,132901248,0.03,0.06435,0.05,0.447,20/02/2026
EIG,"Employers Holdings, Inc.",Financial Services,42.45,156.84350172805196,125.47480138244157,2.6947821372921545,COMPRA FUERTE,0.07690795144846249,4100000,172400000,-168300000,998067008,829767008,152812496,0.03,0.0706,0.05,0.572,20/02/2026
OKTA,"Okta, Inc.",Technology,81.8,114.62941123216375,91.703528985731,0.40133754562547375,COMPRA FUERTE,0.08703950062816926,423000000,2463000064,-2040000064,14497432576,12457432512,962750016,0.03,0.08035,0.05,0.767,20/02/2026
MTCH,"Match Group, Inc.",Communication Services,30.69,50.783189844387046,40.62655187550964,0.6547145599344101,COMPRA FUERTE,0.08782088771259747,4076987904,1031299008,3045688896,7384693760,10430382656,843965248,0.03,0.10775000000000001,0.05,1.315,20/02/2026
SFM,"Sprouts Farmers Market, Inc.",Consumer Defensive,67.85,110.58267711354748,88.46614169083799,0.6298110112534633,COMPRA FUERTE,0.07262424343889866,1858926976,322415008,1536511968,6630720512,8167232480,509168736,0.03,0.08030000000000001,0.05,0.766,20/02/2026
AVNS,"Avanos Medical, Inc.",Healthcare,15.21,28.794669677669972,23.03573574213598,0.8931406757179468,COMPRA FUERTE,0.0916333171370845,133700000,70500000,63200000,706031616,769231616,83762496,0.03,0.09630000000000001,0.05,1.086,20/02/2026
DLTR,"Dollar Tree, Inc.",Consumer Defensive,133.57,173.35687726918414,138.68550181534732,0.2978728552008995,COMPRA FUERTE,0.07102569444370604,7658899968,594800000,7064099968,27243984896,34308084864,1654437504,0.03,0.0792,0.05,0.744,20/02/2026
PRG,"PROG Holdings, Inc.",Industrials,40.42,92.8132351807851,74.25058814462808,1.2962205636018085,COMPRA FUERTE,0.08385906755772654,602124032,308774016,293350016,1598432768,1891782784,1833997312,-0.259,0.092,0.05,1.0,20/02/2026
WLY,"John Wiley & Sons, Inc.",Communication Services,29.9,73.88792142835707,59.110337142685665,1.4711679407477283,COMPRA FUERTE,0.07155468052158642,966904000,67516000,899388000,1571495936,2470883936,166828496,0.03,0.08990000000000001,0.05,0.958,20/02/2026
MCK,McKesson Corporation,Healthcare,937.14,2393.9403137032814,1915.1522509626252,1.554517269248225,COMPRA FUERTE,0.06154896303030892,8734999552,2959000064,5775999488,115668049920,121444049408,9158500352,0.03,0.06265000000000001,0.05,0.413,20/02/2026
ZD,"Ziff Davis, Inc.",Communication Services,30.46,88.5328548610193,70.82628388881544,1.9065283933361556,COMPRA FUERTE,0.09392555032533474,896337024,503368000,392969024,1248948480,1641917504,241455376,0.03,0.11105000000000001,0.05,1.381,20/02/2026
WEX,WEX Inc.,Technology,154.72,527.6670414201382,422.1336331361106,2.4104643318261254,COMPRA FUERTE,0.0936857498833756,4921900032,5238700032,-316800000,5305121280,4988321280,1099112448,0.03,0.09045,0.05,0.969,20/02/2026
KBR,"KBR, Inc.",Industrials,43.03,60.557409262860766,48.44592741028862,0.40732998519313884,COMPRA FUERTE,0.059113264906795485,2852000000,552000000,2300000000,5544055296,7844055296,282375008,0.03,0.06725,0.05,0.505,20/02/2026
SNX,TD SYNNEX Corporation,Technology,161.3,216.23415287251606,172.98732229801286,0.3405713135307876,COMPRA FUERTE,0.09850704330633955,5081981952,2435388928,2646593024,13021612032,15668205056,1335606144,0.03,0.11050000000000001,0.05,1.37,20/02/2026
VAC,Marriott Vacations Worldwide Corporation,Consumer Cyclical,58.7,107.07871125300383,85.66296900240307,0.8241688458774076,COMPRA FUERTE,0.058142557544944115,5738999808,474000000,5264999808,2031841408,7296841216,245124992,0.03,0.10644999999999999,0.05,1.289,20/02/2026
FIS,"Fidelity National Information Services, Inc.",Technology,49.0,90.66747424289794,72.53397939431835,0.8503566172019987,COMPRA FUERTE,0.07141711287160245,13068000256,571000000,12497000256,25596551168,38093551424,2390500096,0.03,0.08700000000000001,0.05,0.9,20/02/2026
LW,"Lamb Weston Holdings, Inc.",Consumer Defensive,48.6,156.5758540101648,125.26068320813184,2.2217253911556543,COMPRA FUERTE,0.054720556995819805,3944699904,82700000,3861999904,6772530176,10634530080,614587520,0.03,0.06340000000000001,0.05,0.428,20/02/2026
GT,The Goodyear Tire & Rubber Company,Consumer Cyclical,8.77,25.08996599501965,20.07197279601572,1.8608855182462545,COMPRA FUERTE,0.05564250423318719,7256000000,801000000,6455000000,2510386688,8965386688,339500000,0.03,0.09715000000000001,0.05,1.103,20/02/2026
AMGN,Amgen Inc.,Healthcare,375.5,380.3804296198566,304.3043436958853,0.012997149453679397,MANTENER/VENTA,0.060740889394051714,55435001856,9128999936,46306001920,202419896320,248725898240,7501875200,0.03,0.0656,0.05,0.472,20/02/2026
CWEN,"Clearway Energy, Inc.",Utilities,39.16,82.94779698259143,66.35823758607314,1.1181766338761858,COMPRA FUERTE,0.06409617050546676,9255000064,267000000,8988000064,7979777024,16967777088,530500000,0.03,0.0918,0.05,0.996,20/02/2026
YELP,Yelp Inc.,Communication Services,21.48,54.75439189939352,43.803513519514816,1.5490871461542608,COMPRA FUERTE,0.07668365475489829,24877000,319352000,-294475000,1354542848,1060067848,313486368,-0.023,0.06860000000000001,0.05,0.532,20/02/2026
LTC,"LTC Properties, Inc.",Real Estate,38.92,43.163099083175,34.53047926654,0.10902104530254358,MANTENER/VENTA,0.0614788900800423,947174976,17933000,929241976,1853144320,2782386296,91209872,0.03,0.07250000000000001,0.05,0.61,20/02/2026
DFIN,"Donnelley Financial Solutions, Inc.",Technology,48.53,64.65145315572377,51.72116252457902,0.33219561417110594,COMPRA FUERTE,0.08020722355989904,181600000,24500000,157100000,1334321536,1491421536,91287504,0.03,0.085,0.05,0.86,20/02/2026
CRL,"Charles River Laboratories International, Inc.",Healthcare,164.24,171.82296493205774,137.4583719456462,0.046170025158656446,MANTENER/VENTA,0.08014884932988435,2570407936,213770000,2356637936,8083149312,10439787248,526464864,0.03,0.092,0.05,1.0,20/02/2026
LPG,Dorian LPG Ltd.,Energy,35.16,51.56797064670007,41.25437651736006,0.4666658318174082,COMPRA FUERTE,0.07048370337467605,673626432,294492384,379134048,1502882688,1882016736,101537872,0.03,0.07830000000000001,0.05,0.726,20/02/2026
WSC,WillScot Holdings Corporation,Industrials,22.11,43.53508565193453,34.82806852154763,0.9690224175456594,COMPRA FUERTE,0.06878615635122907,3914810112,15911000,3898899112,4025680384,7924579496,445096384,0.03,0.09715000000000001,0.05,1.103,20/02/2026
ATGE,Covista Inc.,Consumer Defensive,96.75,199.90541618463698,159.9243329477096,1.0662058520375914,COMPRA FUERTE,0.07139113103014298,729552000,56281000,673271000,3514787072,4188058072,304273504,0.03,0.0775,0.05,0.71,20/02/2026
BRK-B,Berkshire Hathaway Inc.,Financial Services,496.94,805.6631346452486,644.5305077161989,0.6212483089412175,COMPRA FUERTE,0.08880027896762452,127243001856,381673013248,-254430011392,1072065937408,817635926016,48615874560,0.03,0.0771,0.05,0.702,20/02/2026
MD,"Pediatrix Medical Group, Inc.",Healthcare,19.3,53.39678151915818,42.71742521532655,1.7666726175729628,COMPRA FUERTE,0.07695706071358338,642267008,463100992,179166016,1680724864,1859890880,217221632,0.03,0.08095000000000001,0.05,0.779,20/02/2026
QNST,"QuinStreet, Inc.",Communication Services,11.5,27.286439925836287,21.829151940669032,1.3727339065944597,COMPRA FUERTE,0.08276860175623141,8545000,110318000,-101773000,655430336,553657336,74459504,0.03,0.07605,0.05,0.681,20/02/2026
IART,Integra LifeSciences Holdings Corporation,Healthcare,12.05,19.728303126619434,15.782642501295548,0.637203578972567,COMPRA FUERTE,0.05844354059466954,2007724032,267879008,1739845024,938825088,2678670112,90481504,0.03,0.09355,0.05,1.031,20/02/2026
AMTM,"Amentum Holdings, Inc.",Industrials,32.02,44.49651110064679,35.597208880517435,0.38964744224380976,COMPRA FUERTE,0.0751617272100144,3935000064,247000000,3688000064,7810804224,11498804288,637625024,0.03,0.092,0.05,1.0,20/02/2026
IFF,International Flavors & Fragrances Inc.,Basic Materials,81.62,230.7892300901523,184.63138407212185,1.8276063475882418,COMPRA FUERTE,0.08289049171909445,5993999872,590000000,5403999872,20918153216,26322153088,3312499968,0.03,0.09410000000000002,0.05,1.042,20/02/2026
OMCL,"Omnicell, Inc.",Healthcare,38.63,49.23470978695088,39.38776782956071,0.2745200566127589,COMPRA FUERTE,0.08054553325782356,192390000,196520000,-4130000,1774440192,1770310192,108224000,0.03,0.08045000000000001,0.05,0.769,20/02/2026
ETSY,"Etsy, Inc.",Consumer Cyclical,48.14,57.33890210192307,45.871121681538455,0.19108645828672763,MANTENER/VENTA,0.10765736218551969,3075659008,1508151040,1567507968,4771086336,6338594304,544898496,0.03,0.13005,0.05,1.761,20/02/2026
CTSH,Cognizant Technology Solutions Corporation,Technology,64.99,69.517720388365,55.61417631069201,0.06966795489098342,MANTENER/VENTA,0.09106653331129008,1174000000,1914000000,-740000000,31367192576,30627192576,1927250048,0.03,0.08985000000000001,0.05,0.957,20/02/2026
INGR,Ingredion Incorporated,Consumer Defensive,116.54,123.15707093449517,98.52565674759614,0.05677939706963412,MANTENER/VENTA,0.07194010844229352,1971000064,1033000000,938000064,7403802112,8341802176,354124992,0.03,0.07605,0.05,0.681,20/02/2026
DOC,"Healthpeak Properties, Inc.",Real Estate,17.06,27.73648363330492,22.18918690664394,0.625819673698999,COMPRA FUERTE,0.07136254620482846,10144153600,473083008,9671070592,11857449984,21528520576,1162534400,0.03,0.09735,0.05,1.107,20/02/2026
AMH,American Homes 4 Rent,Real Estate,30.87,32.938233640488676,26.35058691239094,0.06699817429506559,MANTENER/VENTA,0.07057648278047916,4860788224,45631000,4815157224,13042046976,17857204200,670410624,0.03,0.08205000000000001,0.05,0.801,20/02/2026
CTVA,"Corteva, Inc.",Basic Materials,77.02,91.94868787385333,73.55895029908267,0.19382871817519262,MANTENER/VENTA,0.08004585019238948,2995000064,4529999872,-1534999808,52044873728,50509873920,2929999872,0.03,0.07885,0.05,0.737,20/02/2026
CPAY,"Corpay, Inc.",Technology,347.2,570.3096053793638,456.24768430349104,0.6425967896871078,COMPRA FUERTE,0.07234586013743764,10001686528,2496920064,7504766464,24517314560,32022081024,1948835328,0.03,0.0824,0.05,0.808,20/02/2026
CPRX,"Catalyst Pharmaceuticals, Inc.",Healthcare,24.42,30.879978996955717,24.703983197564575,0.264536404461741,COMPRA FUERTE,0.09001127209007789,2889000,689891968,-687002968,3001520384,2314517416,181113376,0.03,0.07845,0.05,0.729,20/02/2026
GHC,Graham Holdings Company,Consumer Defensive,1080.31,3868.718418433336,3094.974734746669,2.581118770013548,COMPRA FUERTE,0.07920094977072493,1297401984,1196614016,100787968,4712769536,4813557504,632844864,0.03,0.08005000000000001,0.05,0.761,20/02/2026
KDP,Keurig Dr Pepper Inc.,Consumer Defensive,29.1,31.8036387770466,25.442911021637283,0.09290854903940203,MANTENER/VENTA,0.05338718437120349,18630000640,516000000,18114000640,39534772224,57648772864,1392375040,0.03,0.05975,0.05,0.355,20/02/2026
AIN,Albany International Corp.,Consumer Cyclical,59.46,73.71747678208598,58.97398142566879,0.23978265694729198,MANTENER/VENTA,0.09077749408375838,481536000,108310000,373226000,1752170624,2125396624,146705872,0.03,0.10170000000000001,0.05,1.194,20/02/2026
CERT,"Certara, Inc.",Healthcare,6.65,8.115997647883775,6.492798118307021,0.22045077411786088,MANTENER/VENTA,0.10713439959687666,309199008,172711008,136488000,1059167872,1195655872,107025872,0.03,0.11585000000000001,0.05,1.477,20/02/2026
VRRM,Verra Mobility Corporation,Technology,18.44,20.626878736027564,16.50150298882205,0.11859429154162486,MANTENER/VENTA,0.06363176613778466,1066737024,198816000,867921024,2942368512,3810289536,135808256,0.03,0.07075000000000001,0.05,0.575,20/02/2026
MZTI,The Marzetti Company,Consumer Defensive,163.7,187.46794631979174,149.9743570558334,0.14519209724979687,MANTENER/VENTA,0.06225000000000001,0,0,0,4499458048,4499458048,160966368,0.03,0.06225000000000001,0.05,0.405,20/02/2026
LDOS,"Leidos Holdings, Inc.",Technology,176.27,203.0343508206215,162.4274806564972,0.1518372429830459,MANTENER/VENTA,0.06771715336385575,5342000128,1108000000,4234000128,22614972416,26848972544,1105624960,0.03,0.07300000000000001,0.05,0.62,20/02/2026
IBM,International Business Machines Corporation,Technology,256.28,296.95485126595406,237.56388101276326,0.1587125459105435,MANTENER/VENTA,0.07013212821354801,64606998528,14417000448,50189998080,239553937408,289743935488,12770750464,0.03,0.07655,0.05,0.691,20/02/2026
HUM,Humana Inc.,Healthcare,190.5,265.2308286892017,212.18466295136136,0.39228781464147877,COMPRA FUERTE,0.07536389807909494,12675000320,19903000576,-7228000256,22912020480,15684020224,1086625024,0.03,0.06405,0.05,0.441,20/02/2026
SAM,"The Boston Beer Company, Inc.",Consumer Defensive,231.49,393.9629869201758,315.17038953614065,0.7018574751400742,COMPRA FUERTE,0.09779663650065615,40897000,250454000,-209557000,2520607488,2311050488,208967008,0.03,0.09295,0.05,1.019,20/02/2026
PII,Polaris Inc.,Consumer Cyclical,65.35,222.3031955935875,177.84255647487,2.401732143742732,COMPRA FUERTE,0.0834064172948242,1664700032,138000000,1526700032,3704734976,5231435008,732612480,0.03,0.1015,0.05,1.19,20/02/2026
EXEL,"Exelixis, Inc.",Healthcare,44.16,74.82693779799072,59.86155023839258,0.6944505841936306,COMPRA FUERTE,0.06499814868563139,200920000,1059091008,-858171008,11839833088,10981662080,631157120,0.03,0.06315000000000001,0.05,0.423,20/02/2026
BCO,The Brink's Company,Industrials,129.89,141.62405239952372,113.29924191961898,0.09033838170393206,MANTENER/VENTA,0.07574524279334607,4319600128,1340300032,2979300096,5411514368,8390814464,393637504,0.03,0.09570000000000001,0.05,1.074,20/02/2026
ELV,"Elevance Health, Inc.",Healthcare,348.18,428.25415362714324,342.6033229017146,0.22997918785439495,MANTENER/VENTA,0.06841622685222541,32750000128,36115001344,-3365001216,76844949504,73479948288,3399749888,0.03,0.06715,0.05,0.503,20/02/2026
TAP,Molson Coors Beverage Company,Consumer Defensive,48.35,120.1110325849988,96.08882606799904,1.4841992261633667,COMPRA FUERTE,0.05668494063350303,6509799936,1021000000,5488799936,9561493504,15050293440,718812480,0.03,0.06655,0.05,0.491,20/02/2026
ANIP,"ANI Pharmaceuticals, Inc.",Healthcare,78.1,148.6015002553295,118.88120020426362,0.9027080698505701,COMPRA FUERTE,0.062357181384746524,631580032,271468992,360111040,1753982848,2114093888,116153752,0.03,0.06705,0.05,0.501,20/02/2026
SPSC,"SPS Commerce, Inc.",Technology,58.35,84.68671781622724,67.7493742529818,0.4513576318119493,COMPRA FUERTE,0.07196592942001577,7192000,151355008,-144163008,2211976448,2067813440,124239376,0.03,0.06985000000000001,0.05,0.557,20/02/2026
ST,Sensata Technologies Holding plc,Technology,36.16,54.5401501943698,43.63212015549584,0.5083006137823508,COMPRA FUERTE,0.08072498532027575,3203203072,791347008,2411856064,5267743232,7679599296,510066624,0.03,0.0996,0.05,1.152,20/02/2026
ANGI,Angi Inc.,Communication Services,8.08,17.839136568385875,14.2713092547087,1.207813931730925,COMPRA FUERTE,0.09340611620713277,529065984,303700992,225364992,348656640,574021632,57909752,0.03,0.12825,0.05,1.725,20/02/2026
GILD,"Gilead Sciences, Inc.",Healthcare,151.12,162.4726180662539,129.9780944530031,0.07512320054429514,MANTENER/VENTA,0.05983313375552759,24591998976,10604999680,13986999296,187491500032,201478499328,6243624960,0.03,0.06135,0.05,0.387,20/02/2026
CPT,Camden Property Trust,Real Estate,108.59,142.65645547603103,114.12516438082483,0.31371632264509647,COMPRA FUERTE,0.07239934347513954,3923490048,25203000,3898287048,11553468416,15451755464,767721856,0.03,0.0835,0.05,0.83,20/02/2026
BIIB,Biogen Inc.,Healthcare,192.08,704.3342480061,563.46739840488,2.6668796751671175,COMPRA FUERTE,0.04922007484956681,6657600000,3815699968,2841900032,28189378560,31031278592,1981887488,0.03,0.0502,0.05,0.164,20/02/2026
SHO,"Sunstone Hotel Investors, Inc.",Real Estate,9.38,15.312550715271518,12.250040572217216,0.6324680933125285,COMPRA FUERTE,0.07517688777103833,926846976,121845000,805001976,1781291648,2586293624,162851872,0.03,0.0913,0.05,0.986,20/02/2026
NTCT,"NetScout Systems, Inc.",Technology,29.79,64.63382786601733,51.707062292813866,1.169648468144254,COMPRA FUERTE,0.08551003522014472,41804000,573003008,-531199008,2151444480,1620245472,222939008,0.03,0.07415000000000001,0.05,0.643,20/02/2026
ENR,"Energizer Holdings, Inc.",Industrials,22.36,81.94370178759412,65.5549614300753,2.6647451604469645,COMPRA FUERTE,0.05052040844242667,3425799936,214800000,3210999936,1533239040,4744238976,175750000,0.03,0.0736,0.05,0.632,20/02/2026
PK,Park Hotels & Resorts Inc.,Real Estate,11.42,24.564742803885416,19.651794243108334,1.1510282665398788,COMPRA FUERTE,0.06383099899537917,4778999808,278000000,4500999808,2283012352,6784012160,309124992,0.03,0.11180000000000001,0.05,1.396,20/02/2026
HP,"Helmerich & Payne, Inc.",Energy,35.96,47.04120854278727,37.63296683422981,0.3081537414568205,COMPRA FUERTE,0.05949917338833089,2033172992,268969984,1764203008,3655915008,5420118016,187497376,0.03,0.06915,0.05,0.543,20/02/2026
